--
-- PostgreSQL database dump
--

-- Dumped from database version 12.18 (Debian 12.18-1.pgdg120+2)
-- Dumped by pg_dump version 12.18 (Debian 12.18-1.pgdg120+2)

SET statement_timeout = 0;
SET lock_timeout = 0;
SET idle_in_transaction_session_timeout = 0;
SET client_encoding = 'UTF8';
SET standard_conforming_strings = on;
SELECT pg_catalog.set_config('search_path', '', false);
SET check_function_bodies = false;
SET xmloption = content;
SET client_min_messages = warning;
SET row_security = off;

SET default_tablespace = '';

SET default_table_access_method = heap;

--
-- Name: ana_comuni; Type: TABLE; Schema: public; Owner: appdb
--

CREATE TABLE public.ana_comuni (
    id_comune character varying(6) NOT NULL,
    fiscale character varying(4),
    provincia character varying(3),
    descrizione character varying(50),
    id_regione character varying(3) NOT NULL
);


ALTER TABLE public.ana_comuni OWNER TO appdb;

--
-- Name: ana_province; Type: TABLE; Schema: public; Owner: appdb
--

CREATE TABLE public.ana_province (
    id_provincia character varying(3) NOT NULL,
    descrizione character varying(50),
    id_regione character varying(3) NOT NULL
);


ALTER TABLE public.ana_province OWNER TO appdb;

--
-- Name: ana_regioni; Type: TABLE; Schema: public; Owner: appdb
--

CREATE TABLE public.ana_regioni (
    id_regione character varying(3) NOT NULL,
    descrizione character varying(50)
);


ALTER TABLE public.ana_regioni OWNER TO appdb;

--
-- Data for Name: ana_comuni; Type: TABLE DATA; Schema: public; Owner: appdb
--

COPY public.ana_comuni (id_comune, fiscale, provincia, descrizione, id_regione) FROM stdin;
000000				777
071001	A015	FG	ACCADIA	160
071002	A150	FG	ALBERONA	160
071003	A320	FG	ANZANO DI PUGLIA	160
071004	A339	FG	APRICENA	160
071005	A463	FG	ASCOLI SATRIANO	160
071006	A854	FG	BICCARI	160
071007	B104	FG	BOVINO	160
071008	B357	FG	CAGNANO VARANO	160
071009	B584	FG	CANDELA	160
071010	B724	FG	CARAPELLE	160
071011	B784	FG	CARLANTINO	160
071012	B829	FG	CARPINO	160
071013	B904	FG	CASALNUOVO MONTEROTARO	160
071014	B917	FG	CASALVECCHIO DI PUGLIA	160
071015	C198	FG	CASTELLUCCIO DEI SAURI	160
071016	C202	FG	CASTELLUCCIO VALMAGGIORE	160
071017	C222	FG	CASTELNUOVO DELLA DAUNIA	160
071018	C429	FG	CELENZA VALFORTORE	160
071019	C442	FG	CELLE DI SAN VITO	160
071020	C514	FG	CERIGNOLA	160
071021	C633	FG	CHIEUTI	160
071022	D269	FG	DELICETO	160
071023	D459	FG	FAETO	160
071024	D643	FG	FOGGIA	160
071025	E332	FG	ISCHITELLA	160
071026	E363	FG	ISOLE TREMITI	160
071027	E549	FG	LESINA	160
071028	E716	FG	LUCERA	160
071029	E885	FG	MANFREDONIA	160
071031	F059	FG	MATTINATA	160
071032	F538	FG	MONTELEONE DI PUGLIA	160
071033	F631	FG	MONTE SANT'ANGELO	160
071034	F777	FG	MOTTA MONTECORVINO	160
071035	G125	FG	ORSARA DI PUGLIA	160
071036	G131	FG	ORTA NOVA	160
071037	G312	FG	PANNI	160
071038	G487	FG	PESCHICI	160
071039	G604	FG	PIETRAMONTECORVINO	160
071040	G761	FG	POGGIO IMPERIALE	160
071041	H287	FG	RIGNANO GARGANICO	160
071042	H467	FG	ROCCHETTA SANT'ANTONIO	160
071043	H480	FG	RODI GARGANICO	160
071044	H568	FG	ROSETO VALFORTORE	160
071046	H926	FG	SAN GIOVANNI ROTONDO	160
071047	H985	FG	SAN MARCO IN LAMIS	160
071048	H986	FG	SAN MARCO LA CATOLA	160
071049	I054	FG	SANNICANDRO GARGANICO	160
071050	I072	FG	SAN PAOLO DI CIVITATE	160
071051	I158	FG	SAN SEVERO	160
071052	I193	FG	SANT'AGATA DI PUGLIA	160
071053	I641	FG	SERRACAPRIOLA	160
071054	I962	FG	STORNARA	160
071055	I963	FG	STORNARELLA	160
071056	L273	FG	TORREMAGGIORE	160
071058	L447	FG	TROIA	160
071059	L842	FG	VICO DEL GARGANO	160
071060	L858	FG	VIESTE	160
071061	M131	FG	VOLTURARA APPULA	160
071062	M132	FG	VOLTURINO	160
071063	M266	FG	ORDONA	160
071064	M267	FG	ZAPPONETA	160
072001	A048	BA	ACQUAVIVA DELLE FONTI	160
072002	A055	BA	ADELFIA	160
072003	A149	BA	ALBEROBELLO	160
072004	A225	BA	ALTAMURA	160
072006	A662	BA	BARI	160
072008	A874	BA	BINETTO	160
072010	A892	BA	BITETTO	160
072011	A893	BA	BITONTO	160
072012	A894	BA	BITRITTO	160
072014	B716	BA	CAPURSO	160
072015	B923	BA	CASAMASSIMA	160
072016	B998	BA	CASSANO DELLE MURGE	160
072017	C134	BA	CASTELLANA GROTTE	160
072018	C436	BA	CELLAMARE	160
072019	C975	BA	CONVERSANO	160
072020	C983	BA	CORATO	160
072021	E038	BA	GIOIA DEL COLLE	160
072022	E047	BA	GIOVINAZZO	160
072023	E155	BA	GRAVINA IN PUGLIA	160
072024	E223	BA	GRUMO APPULA	160
072025	E645	BA	LOCOROTONDO	160
072027	F262	BA	MODUGNO	160
072028	F280	BA	MOLA DI BARI	160
072029	F284	BA	MOLFETTA	160
072030	F376	BA	MONOPOLI	160
072031	F915	BA	NOCI	160
072032	F923	BA	NOICATTARO	160
072033	G291	BA	PALO DEL COLLE	160
072034	G769	BA	POGGIORSINI	160
072035	G787	BA	POLIGNANO A MARE	160
072036	H096	BA	PUTIGNANO	160
072037	H643	BA	RUTIGLIANO	160
072038	H645	BA	RUVO DI PUGLIA	160
072039	H749	BA	SAMMICHELE DI BARI	160
072040	I053	BA	SANNICANDRO DI BARI	160
072041	I330	BA	SANTERAMO IN COLLE	160
072043	L109	BA	TERLIZZI	160
072044	L220	BA	TORITTO	160
072046	L425	BA	TRIGGIANO	160
072047	L472	BA	TURI	160
072048	L571	BA	VALENZANO	160
073001	A514	TA	AVETRANA	160
073002	B808	TA	CAROSINO	160
073003	C136	TA	CASTELLANETA	160
073004	D171	TA	CRISPIANO	160
073005	D463	TA	FAGGIANO	160
073006	D754	TA	FRAGAGNANO	160
073007	E036	TA	GINOSA	160
073008	E205	TA	GROTTAGLIE	160
073009	E469	TA	LATERZA	160
073010	E537	TA	LEPORANO	160
073011	E630	TA	LIZZANO	160
073012	E882	TA	MANDURIA	160
073013	E986	TA	MARTINA FRANCA	160
073014	E995	TA	MARUGGIO	160
073015	F027	TA	MASSAFRA	160
073016	F531	TA	MONTEIASI	160
073017	F563	TA	MONTEMESOLA	160
073018	F587	TA	MONTEPARANO	160
073019	F784	TA	MOTTOLA	160
073020	G251	TA	PALAGIANELLO	160
073021	G252	TA	PALAGIANO	160
073022	H090	TA	PULSANO	160
073023	H409	TA	ROCCAFORZATA	160
073024	H882	TA	SAN GIORGIO IONICO	160
073025	I018	TA	SAN MARZANO DI SAN GIUSEPPE	160
073026	I467	TA	SAVA	160
073027	L049	TA	TARANTO	160
073028	L294	TA	TORRICELLA	160
073029	M298	TA	STATTE	160
074001	B180	BR	BRINDISI	160
074002	B809	BR	CAROVIGNO	160
074003	C424	BR	CEGLIE MESSAPICA	160
074004	C448	BR	CELLINO SAN MARCO	160
074005	C741	BR	CISTERNINO	160
074006	D422	BR	ERCHIE	160
074007	D508	BR	FASANO	160
074008	D761	BR	FRANCAVILLA FONTANA	160
074009	E471	BR	LATIANO	160
074010	F152	BR	MESAGNE	160
074011	G098	BR	ORIA	160
074012	G187	BR	OSTUNI	160
074013	H822	BR	SAN DONACI	160
074014	I045	BR	SAN MICHELE SALENTINO	160
074015	I066	BR	SAN PANCRAZIO SALENTINO	160
074016	I119	BR	SAN PIETRO VERNOTICO	160
074017	I396	BR	SAN VITO DEI NORMANNI	160
074018	L213	BR	TORCHIAROLO	160
074019	L280	BR	TORRE SANTA SUSANNA	160
074020	L920	BR	VILLA CASTELLI	160
075001	A042	LE	ACQUARICA DEL CAPO	160
075002	A184	LE	ALESSANO	160
075003	A185	LE	ALEZIO	160
075004	A208	LE	ALLISTE	160
075005	A281	LE	ANDRANO	160
075006	A350	LE	ARADEO	160
075007	A425	LE	ARNESANO	160
075008	A572	LE	BAGNOLO DEL SALENTO	160
075009	B086	LE	BOTRUGNO	160
075010	B413	LE	CALIMERA	160
075011	B506	LE	CAMPI SALENTINA	160
075012	B616	LE	CANNOLE	160
075013	B690	LE	CAPRARICA DI LECCE	160
075014	B792	LE	CARMIANO	160
075015	B822	LE	CARPIGNANO SALENTINO	160
075016	B936	LE	CASARANO	160
075017	C334	LE	CASTRI DI LECCE	160
075018	C335	LE	CASTRIGNANO DE' GRECI	160
075019	C336	LE	CASTRIGNANO DEL CAPO	160
075020	C377	LE	CAVALLINO	160
075021	C865	LE	COLLEPASSO	160
075022	C978	LE	COPERTINO	160
075023	D006	LE	CORIGLIANO D'OTRANTO	160
075024	D044	LE	CORSANO	160
075025	D223	LE	CURSI	160
075026	D237	LE	CUTROFIANO	160
075027	D305	LE	DISO	160
075028	D851	LE	GAGLIANO DEL CAPO	160
075029	D862	LE	GALATINA	160
075030	D863	LE	GALATONE	160
075031	D883	LE	GALLIPOLI	160
075032	E053	LE	GIUGGIANELLO	160
075033	E061	LE	GIURDIGNANO	160
075034	E227	LE	GUAGNANO	160
075035	E506	LE	LECCE	160
075036	E538	LE	LEQUILE	160
075037	E563	LE	LEVERANO	160
075038	E629	LE	LIZZANELLO	160
075039	E815	LE	MAGLIE	160
075040	E979	LE	MARTANO	160
075041	E984	LE	MARTIGNANO	160
075042	F054	LE	MATINO	160
075043	F101	LE	MELENDUGNO	160
075044	F109	LE	MELISSANO	160
075045	F117	LE	MELPIGNANO	160
075046	F194	LE	MIGGIANO	160
075047	F221	LE	MINERVINO DI LECCE	160
075048	F604	LE	MONTERONI DI LECCE	160
075049	F623	LE	MONTESANO SALENTINO	160
075050	F716	LE	MORCIANO DI LEUCA	160
075051	F816	LE	MURO LECCESE	160
075052	F842	LE	NARDO'	160
075053	F881	LE	NEVIANO	160
075054	F916	LE	NOCIGLIA	160
075055	F970	LE	NOVOLI	160
075056	G136	LE	ORTELLE	160
075057	G188	LE	OTRANTO	160
075058	G285	LE	PALMARIGGI	160
075059	G325	LE	PARABITA	160
075060	G378	LE	PATU'	160
075061	G751	LE	POGGIARDO	160
075062	H047	LE	PRESICCE	160
075063	H147	LE	RACALE	160
075064	H632	LE	RUFFANO	160
075065	H708	LE	SALICE SALENTINO	160
075066	H729	LE	SALVE	160
075067	H757	LE	SANARICA	160
075068	H793	LE	SAN CESARIO DI LECCE	160
075069	H826	LE	SAN DONATO DI LECCE	160
075070	I059	LE	SANNICOLA	160
075071	I115	LE	SAN PIETRO IN LAMA	160
075072	I172	LE	SANTA CESAREA TERME	160
075073	I549	LE	SCORRANO	160
075074	I559	LE	SECLI'	160
075075	I780	LE	SOGLIANO CAVOUR	160
075076	I800	LE	SOLETO	160
075077	I887	LE	SPECCHIA	160
075078	I923	LE	SPONGANO	160
075079	I930	LE	SQUINZANO	160
075080	I950	LE	STERNATIA	160
075081	L008	LE	SUPERSANO	160
075082	L010	LE	SURANO	160
075083	L011	LE	SURBO	160
075084	L064	LE	TAURISANO	160
075085	L074	LE	TAVIANO	160
075086	L166	LE	TIGGIANO	160
075087	L383	LE	TREPUZZI	160
075088	L419	LE	TRICASE	160
075089	L462	LE	TUGLIE	160
075090	L484	LE	UGENTO	160
075091	L485	LE	UGGIANO LA CHIESA	160
075092	L711	LE	VEGLIE	160
075093	L776	LE	VERNOLE	160
075094	M187	LE	ZOLLINO	160
075095	M264	LE	SAN CASSIANO	160
075096	M261	LE	CASTRO	160
075097	M263	LE	PORTO CESAREO	160
110001	A285	BT	ANDRIA	160
110002	A669	BT	BARLETTA	160
110003	A883	BT	BISCEGLIE	160
110004	B619	BT	CANOSA DI PUGLIA	160
110005	E946	BT	MARGHERITA DI SAVOIA	160
110006	F220	BT	MINERVINO MURGE	160
110007	H839	BT	SAN FERDINANDO DI PUGLIA	160
110008	I907	BT	SPINAZZOLA	160
110009	L328	BT	TRANI	160
110010	B915	BT	TRINITAPOLI	160
\.


--
-- Data for Name: ana_province; Type: TABLE DATA; Schema: public; Owner: appdb
--

COPY public.ana_province (id_provincia, descrizione, id_regione) FROM stdin;
FG	FOGGIA	160
BA	BARI	160
BR	BRINDISI	160
TA	TARANTO	160
LE	LECCE	160
BT	BARLETTA-ANDRIA-TRANI	160
\.


--
-- Data for Name: ana_regioni; Type: TABLE DATA; Schema: public; Owner: appdb
--

COPY public.ana_regioni (id_regione, descrizione) FROM stdin;
010	PIEMONTE
020	VALLE D'AOSTA
030	LOMBARDIA
041	PROVINCIA AUT. BOLZANO
042	PROVINCIA AUT. TRENTO
050	VENETO
060	FRIULI VENEZIA GIULIA
070	LIGURIA
080	EMILIA ROMAGNA
090	TOSCANA
100	UMBRIA
110	MARCHE
120	LAZIO
130	ABRUZZO
140	MOLISE
150	CAMPANIA
160	PUGLIA
170	BASILICATA
180	CALABRIA
190	SICILIA
200	SARDEGNA
900	ESTERO
777	NON DISPONIBILE
888	REGIONE DI STATO EUROPEO NON DISPON.
999	REGIONE DI STATO ESTERO NON DISPON.
\.


--
-- Name: ana_comuni pk_ana_comuni; Type: CONSTRAINT; Schema: public; Owner: appdb
--

ALTER TABLE ONLY public.ana_comuni
    ADD CONSTRAINT pk_ana_comuni PRIMARY KEY (id_comune);


--
-- Name: ana_province pk_ana_province; Type: CONSTRAINT; Schema: public; Owner: appdb
--

ALTER TABLE ONLY public.ana_province
    ADD CONSTRAINT pk_ana_province PRIMARY KEY (id_provincia);


--
-- Name: ana_regioni pk_ana_regioni; Type: CONSTRAINT; Schema: public; Owner: appdb
--

ALTER TABLE ONLY public.ana_regioni
    ADD CONSTRAINT pk_ana_regioni PRIMARY KEY (id_regione);


--
-- Name: idx_ana_com_des; Type: INDEX; Schema: public; Owner: appdb
--

CREATE INDEX idx_ana_com_des ON public.ana_comuni USING btree (descrizione);


--
-- Name: ana_comuni fk_ana_com_reg; Type: FK CONSTRAINT; Schema: public; Owner: appdb
--

ALTER TABLE ONLY public.ana_comuni
    ADD CONSTRAINT fk_ana_com_reg FOREIGN KEY (id_regione) REFERENCES public.ana_regioni(id_regione);


--
-- Name: ana_province fk_ana_pro_reg; Type: FK CONSTRAINT; Schema: public; Owner: appdb
--

ALTER TABLE ONLY public.ana_province
    ADD CONSTRAINT fk_ana_pro_reg FOREIGN KEY (id_regione) REFERENCES public.ana_regioni(id_regione);


--
-- PostgreSQL database dump complete
--

